{"schemaVersion":"1.0","appDefinitionTemplate":{"id":"/providers/Microsoft.PowerApps/apps/","type":"Microsoft.PowerApps/apps","tags":{"primaryDeviceWidth":"640","primaryDeviceHeight":"1136","supportsPortrait":"true","supportsLandscape":"false","primaryFormFactor":"Phone","publisherVersion":"3.22122.15","minimumRequiredApiVersion":"2.2.0","hasComponent":"false","hasUnlockedComponent":"false","isUnifiedRootApp":"false","sienaVersion":"20221230T084457Z-3.22122.15.0"},"properties":{"appVersion":"2022-12-30T08:44:57Z","lifeCycleId":"Published","createdByClientVersion":{"major":3,"minor":22122,"build":15,"revision":0,"majorRevision":0,"minorRevision":0},"minClientVersion":{"major":3,"minor":22122,"build":15,"revision":0,"majorRevision":0,"minorRevision":0},"backgroundColor":"RGBA(0,176,240,1)","backgroundImageUri":"/12343748470718274967/Nb13459ba-f5d4-4635-a21c-cb9dbbf8b2cd-logoSmallFile","displayName":"HelpDesk_OA","description":"","commitMessage":"","appUris":{"documentUri":{"value":"/12343748470718274967/N95e875e5-f4cc-4678-aaca-2a0cdf6bc669-document.msapp"},"imageUris":[],"additionalUris":[]},"createdTime":"0001-01-01T00:00:00Z","lastModifiedTime":"0001-01-01T00:00:00Z","sharedGroupsCount":0,"sharedUsersCount":0,"icons":{"smallIconUri":"/12343748470718274967/N3c3b91a8-5d53-45dc-a64b-58f3a4ca771b-small.png","mediumIconUri":"/12343748470718274967/N8303b63f-0ae0-4816-9d32-bec78a56b2f2-medium.png","largeIconUri":"/12343748470718274967/N82140b71-6533-4eae-bf87-89872eaf458c-large.png","wideIconUri":"/12343748470718274967/N2d4c00ec-11bf-4d7e-98c7-f7e6724a4b25-wide.png"},"connectionReferences":{"ff18bc1f-8075-4e48-b5f1-63a22b275810":{"id":"4beff41c-3b0f-4c93-9cb1-5b1a68cd30e0","displayName":"Office 365 Users","iconUri":"https://connectoricons-prod.azureedge.net/releases/v1.0.1611/1.0.1611.3104/office365users/icon.png","dataSources":["Office365Users"],"dependencies":[],"dependents":[],"parameterHints":{},"parameterHintsV2":{},"isOnPremiseConnection":false,"dataSets":{},"apiTier":"Standard","isCustomApiConnection":false,"actions":["MyProfile","SearchUser"]}},"databaseReferences":{},"almMode":"Environment","performanceOptimizationEnabled":true,"canConsumeAppPass":true,"enableModernRuntimeMode":false,"executionRestrictions":{"isTeamsOnly":false,"dataLossPreventionEvaluationResult":{"status":"Compliant","lastEvaluationDate":"2022-12-30T08:45:00.2756716Z","violations":[],"violationsByPolicy":[],"violationErrorMessage":"The app uses the following connectors: shared_office365users."}}},"appType":"ClassicCanvasApp","appComponents":[]}}